{"errors":[],"warnings":[],"namedChunkGroups":{"app":{"chunks":[6,2],"assets":["webpack-runtime-c123978193e7e3d0add9.js","webpack-runtime-c123978193e7e3d0add9.js.map","app.b6f197430f783b3e67aa.css","app-70d507fbb4a2e7ce5a66.js","app-70d507fbb4a2e7ce5a66.js.map"],"children":{},"childAssets":{}},"component---src-templates-blog-post-tsx":{"chunks":[0,1,5],"assets":["0-65d454057cd15c21e761.js","0-65d454057cd15c21e761.js.map","1.1930411ff1e96d8a552f.css","1-4292813ed8d936615b1c.js","1-4292813ed8d936615b1c.js.map","component---src-templates-blog-post-tsx.a7f1a5e593bedfd9c15e.css","component---src-templates-blog-post-tsx-c959dcb71a5a69e467a6.js","component---src-templates-blog-post-tsx-c959dcb71a5a69e467a6.js.map"],"children":{},"childAssets":{}},"component---src-pages-404-tsx":{"chunks":[0,3],"assets":["0-65d454057cd15c21e761.js","0-65d454057cd15c21e761.js.map","component---src-pages-404-tsx.d718c6f66b6e3688fbbf.css","component---src-pages-404-tsx-df4386eed3865b84501a.js","component---src-pages-404-tsx-df4386eed3865b84501a.js.map"],"children":{},"childAssets":{}},"component---src-pages-index-tsx":{"chunks":[0,1,4],"assets":["0-65d454057cd15c21e761.js","0-65d454057cd15c21e761.js.map","1.1930411ff1e96d8a552f.css","1-4292813ed8d936615b1c.js","1-4292813ed8d936615b1c.js.map","component---src-pages-index-tsx.60871ef88a66687a7e22.css","component---src-pages-index-tsx-60a9b0deb8035ccd065f.js","component---src-pages-index-tsx-60a9b0deb8035ccd065f.js.map"],"children":{},"childAssets":{}}},"assetsByChunkName":{"app":["webpack-runtime-c123978193e7e3d0add9.js","app.b6f197430f783b3e67aa.css","app-70d507fbb4a2e7ce5a66.js"],"component---src-templates-blog-post-tsx":["0-65d454057cd15c21e761.js","1.1930411ff1e96d8a552f.css","1-4292813ed8d936615b1c.js","component---src-templates-blog-post-tsx.a7f1a5e593bedfd9c15e.css","component---src-templates-blog-post-tsx-c959dcb71a5a69e467a6.js"],"component---src-pages-404-tsx":["0-65d454057cd15c21e761.js","component---src-pages-404-tsx.d718c6f66b6e3688fbbf.css","component---src-pages-404-tsx-df4386eed3865b84501a.js"],"component---src-pages-index-tsx":["0-65d454057cd15c21e761.js","1.1930411ff1e96d8a552f.css","1-4292813ed8d936615b1c.js","component---src-pages-index-tsx.60871ef88a66687a7e22.css","component---src-pages-index-tsx-60a9b0deb8035ccd065f.js"]}}